{"cameraMode":{"drawMode":0,"name":"Shaded","section":"Shading Mode"},"sceneLighting":true,"audioPlay":false,"sceneViewState":{"m_AlwaysRefresh":false,"showFog":true,"showSkybox":true,"showFlares":true,"showImageEffects":true,"showParticleSystems":true,"showVisualEffectGraphs":true,"m_FxEnabled":true},"in2DMode":false,"pivot":{"x":640.1209716796875,"y":707.8150024414063,"z":393.54986572265627},"rotation":{"x":-0.028760353103280069,"y":0.056044723838567737,"z":-0.0016150340670719743,"w":-0.9980127811431885},"size":379.0270080566406,"orthographic":false}